{"cameraMode":{"drawMode":0,"name":"Shaded","section":"Shading Mode"},"sceneLighting":true,"audioPlay":false,"sceneViewState":{"m_AlwaysRefresh":false,"showFog":true,"showSkybox":true,"showFlares":true,"showImageEffects":true,"showParticleSystems":true,"showVisualEffectGraphs":true,"m_FxEnabled":true},"in2DMode":false,"pivot":{"x":-27.113264083862306,"y":4.175850868225098,"z":-16.90305519104004},"rotation":{"x":0.004344928544014692,"y":-0.9837356209754944,"z":0.17799392342567445,"w":0.02401532605290413},"size":6.409573554992676,"orthographic":false}