{"cameraMode":{"drawMode":0,"name":"Shaded","section":"Shading Mode"},"sceneLighting":true,"audioPlay":false,"sceneViewState":{"m_AlwaysRefresh":false,"showFog":true,"showSkybox":true,"showFlares":true,"showImageEffects":true,"showParticleSystems":true,"showVisualEffectGraphs":true,"m_FxEnabled":true},"in2DMode":false,"pivot":{"x":-2.620486259460449,"y":1.8280640840530396,"z":-1.8694862127304078},"rotation":{"x":0.00001699980020930525,"y":0.999855101108551,"z":-0.016999151557683946,"w":0.0009998874738812447},"size":2.577348232269287,"orthographic":true}